YIL	SORU	CEVAP	KAYNAK	GUVEN	ENVANTER_CEVAP	FARK
2021	1	D	resmi			
2021	2	E	resmi			
2021	3	C	resmi			
2021	4	B	resmi			
2021	5	A	resmi			
2021	6	C	resmi			
2021	7	A	resmi			
2021	8	D	resmi			
2021	9	B	resmi			
2021	10	C	resmi			
2021	11	A	resmi			
2021	12	E	resmi			
2021	13	D	resmi			
2021	14	C	resmi			
2021	15	B	resmi			
2021	16	B	resmi			
2021	17	D	resmi			
2021	18	E	resmi			
2021	19	C	resmi			
2021	20	A	resmi			
2021	21	A	resmi		A	
2021	22	C	resmi		C	
2021	23	B	resmi		B	
2021	24	E	resmi		E	
2021	25	A	resmi		A	
2021	26	D	resmi		D	
2021	27	A	resmi		A	
2021	28	A	resmi		A	
2021	29	C	resmi		C	
2021	30	C	resmi		C	
2021	31	E	resmi		E	
2021	32	D	resmi		D	
2021	33	D	resmi		D	
2021	34	A	resmi		A	
2021	35	A	resmi		A	
2021	36	A	resmi		A	
2021	37	C	resmi		C	
2021	38	B	resmi		B	
2021	39	D	resmi		D	
2021	40	C	resmi		C	
2021	41	E	resmi		E	
2021	42	B	resmi		B	
2021	43	E	resmi		E	
2021	44	D	resmi		D	
2021	45	B	resmi		B	
2021	46	E	resmi		E	
2021	47	D	resmi		D	
2021	48	C	resmi		C	
2021	49	B	resmi		B	
2021	50	C	resmi		C	
2021	51	A	resmi		A	
2021	52	A	resmi		A	
2021	53	C	resmi		C	
2021	54	A	resmi		A	
2021	55	E	resmi		E	
2021	56	B	resmi		B	
2021	57	D	resmi		D	
2021	58	B	resmi		B	
2021	59	C	resmi		C	
2021	60	D	resmi		D	
2021	61	D	resmi		D	
2021	62	A	resmi		A	
2021	63	B	resmi		B	
2021	64	A	resmi		A	
2021	65	E	resmi		E	
2021	66	E	resmi		E	
2021	67	B	resmi		B	
2021	68	D	resmi		D	
2021	69	E	resmi		E	
2021	70	A	resmi		A	
2021	71	C	resmi		C	
2021	72	D	resmi		D	
2021	73	E	resmi		E	
2021	74	E	resmi		E	
2021	75	A	resmi		A	
2021	76	E	resmi		E	
2021	77	C	resmi		C	
2021	78	B	resmi		B	
2021	79	E	resmi		E	
2021	80	C	resmi		C	
2021	81	C	resmi		C	
2021	82	B	resmi		B	
2021	83	C	resmi		C	
2021	84	A	resmi		A	
2021	85	E	resmi		E	
2021	86	A	resmi		B	*
2021	87	E	resmi		E	
2021	88	C	resmi		C	
2021	89	B	resmi		B	
2021	90	E	resmi		E	
2021	91	D	resmi		D	
2021	92	E	resmi		E	
2021	93	C	resmi		C	
2021	94	D	resmi		D	
2021	95	E	resmi		C	*
2021	96	D	resmi		D	
2021	97	E	resmi		E	
2021	98	B	resmi		B	
2021	99	D	resmi		D	
2021	100	B	resmi		B	
2022	1	D	resmi			
2022	2	B	resmi			
2022	3	C	resmi			
2022	4	C	resmi			
2022	5	E	resmi			
2022	6	C	resmi			
2022	7	E	resmi			
2022	8	D	resmi			
2022	9	A	resmi			
2022	10	A	resmi			
2022	11	E	resmi			
2022	12	D	resmi			
2022	13	B	resmi			
2022	14	C	resmi			
2022	15	A	resmi			
2022	16	D	resmi			
2022	17	D	resmi			
2022	18	C	resmi			
2022	19	A	resmi			
2022	20	C	resmi			
2022	21	C	resmi		C	
2022	22	D	resmi		D	
2022	23	E	resmi		E	
2022	24	B	resmi		B	
2022	25	D	resmi		D	
2022	26	D	resmi		D	
2022	27	B	resmi		B	
2022	28	D	resmi		D	
2022	29	B	resmi		B	
2022	30	B	resmi		B	
2022	31	C	resmi		C	
2022	32	A	resmi		A	
2022	33	B	resmi		B	
2022	34	D	resmi		D	
2022	35	A	resmi		A	
2022	36	B	resmi		B	
2022	37	C	resmi		C	
2022	38	E	resmi		E	
2022	39	E	resmi		E	
2022	40	D	resmi		D	
2022	41	D	resmi		D	
2022	42	B	resmi		B	
2022	43	B	resmi		B	
2022	44	A	resmi		A	
2022	45	B	resmi		B	
2022	46	C	resmi		C	
2022	47	E	resmi		E	
2022	48	A	resmi		A	
2022	49	E	resmi		E	
2022	50	E	resmi		E	
2022	51	E	resmi		E	
2022	52	E	resmi		E	
2022	53	E	resmi		E	
2022	54	A	resmi		A	
2022	55	B	resmi		B	
2022	56	E	resmi		E	
2022	57	A	resmi		A	
2022	58	B	resmi		B	
2022	59	D	resmi		D	
2022	60	E	resmi		E	
2022	61	A	resmi		A	
2022	62	D	resmi		D	
2022	63	E	resmi		E	
2022	64	D	resmi		D	
2022	65	E	resmi		E	
2022	66	C	resmi		C	
2022	67	D	resmi		D	
2022	68	E	resmi		E	
2022	69	B	resmi		B	
2022	70	E	resmi		E	
2022	71	D	resmi		D	
2022	72	E	resmi		E	
2022	73	E	resmi		E	
2022	74	C	resmi		C	
2022	75	C	resmi		C	
2022	76	D	resmi		D	
2022	77	C	resmi		C	
2022	78	E	resmi		E	
2022	79	D	resmi		D	
2022	80	A	resmi		A	
2022	81	E	resmi		E	
2022	82	B	resmi		B	
2022	83	D	resmi		E	*
2022	84	E	resmi		E	
2022	85	D	resmi		D	
2022	86	B	resmi		B	
2022	87	B	resmi		D	*
2022	88	B	resmi		B	
2022	89	C	resmi		C	
2022	90	A	resmi		A	
2022	91	D	resmi		D	
2022	92	E	resmi		E	
2022	93	C	resmi		C	
2022	94	C	resmi		C	
2022	95	B	resmi		B	
2022	96	C	resmi		C	
2022	97	D	resmi		D	
2022	98	A	resmi		A	
2022	99	E	resmi		E	
2022	100	C	resmi		C	
2023	1	C	resmi			
2023	2	C	resmi			
2023	3	E	resmi			
2023	4	C	resmi			
2023	5	D	resmi			
2023	6	C	resmi			
2023	7	E	resmi			
2023	8	C	resmi			
2023	9	B	resmi			
2023	10	A	resmi			
2023	11	B	resmi			
2023	12	A	resmi			
2023	13	D	resmi			
2023	14	B	resmi			
2023	15	C	resmi			
2023	16	E	resmi			
2023	17	D	resmi			
2023	18	A	resmi			
2023	19	C	resmi			
2023	20	E	resmi			
2023	21	C	resmi		C	
2023	22	D	resmi		D	
2023	23	D	resmi		D	
2023	24	C	resmi		C	
2023	25	E	resmi		E	
2023	26	D	resmi		D	
2023	27	C	resmi		C	
2023	28	C	resmi		C	
2023	29	C	resmi		C	
2023	30	A	resmi		A	
2023	31	D	resmi		D	
2023	32	B	resmi		B	
2023	33	B	resmi		B	
2023	34	B	resmi		B	
2023	35	D	resmi		D	
2023	36	B	resmi		B	
2023	37	B	resmi		B	
2023	38	B	resmi		B	
2023	39	E	resmi		E	
2023	40	B	resmi		B	
2023	41	B	resmi		B	
2023	42	A	resmi		A	
2023	43	B	resmi		B	
2023	44	A	resmi		A	
2023	45	D	resmi		D	
2023	46	D	resmi		D	
2023	47	D	resmi		D	
2023	48	B	resmi		B	
2023	49	E	resmi		E	
2023	50	D	resmi		D	
2023	51	E	resmi		E	
2023	52	D	resmi		D	
2023	53	B	resmi		B	
2023	54	E	resmi		E	
2023	55	C	resmi		C	
2023	56	D	resmi		D	
2023	57	C	resmi		C	
2023	58	E	resmi		E	
2023	59	B	resmi		B	
2023	60	B	resmi		B	
2023	61	E	resmi		E	
2023	62	C	resmi		C	
2023	63	D	resmi		D	
2023	64	C	resmi		C	
2023	65	B	resmi		B	
2023	66	D	resmi		D	
2023	67	D	resmi		D	
2023	68	C	resmi		C	
2023	69	C	resmi		C	
2023	70	C	resmi		C	
2023	71	A	resmi		A	
2023	72	E	resmi		E	
2023	73	D	resmi		D	
2023	74	C	resmi		C	
2023	75	D	resmi		D	
2023	76	D	resmi		D	
2023	77	E	resmi		E	
2023	78	C	resmi		C	
2023	79	E	resmi		E	
2023	80	C	resmi		C	
2023	81	C	resmi		C	
2023	82	E	resmi		E	
2023	83	C	resmi		C	
2023	84	D	resmi		D	
2023	85	A	resmi		A	
2023	86	C	resmi		C	
2023	87	B	resmi		B	
2023	88	A	resmi		A	
2023	89	C	resmi		C	
2023	90	E	resmi		E	
2023	91	E	resmi		E	
2023	92	D	resmi		D	
2023	93	B	resmi		B	
2023	94	D	resmi		D	
2023	95	A	resmi		A	
2023	96	E	resmi		E	
2023	97	A	resmi		A	
2023	98	E	resmi		E	
2023	99	E	resmi		E	
2023	100	B	resmi		B	
2024	1	C	resmi			
2024	2	A	resmi			
2024	3	E	resmi			
2024	4	E	resmi			
2024	5	A	resmi			
2024	6	C	resmi			
2024	7	B	resmi			
2024	8	C	resmi			
2024	9	B	resmi			
2024	10	A	resmi			
2024	11	C	resmi			
2024	12	D	resmi			
2024	13	B	resmi			
2024	14	E	resmi			
2024	15	C	resmi			
2024	16	D	resmi			
2024	17	A	resmi			
2024	18	C	resmi			
2024	19	E	resmi			
2024	20	E	resmi			
2024	21	A	resmi		A	
2024	22	A	resmi		A	
2024	23	E	resmi		E	
2024	24	D	resmi		D	
2024	25	B	resmi		B	
2024	26	B	resmi		B	
2024	27	E	resmi		E	
2024	28	D	resmi		D	
2024	29	A	resmi		A	
2024	30	C	resmi		C	
2024	31	E	resmi		E	
2024	32	A	resmi		A	
2024	33	E	resmi		E	
2024	34	E	resmi		E	
2024	35	B	resmi		B	
2024	36	B	resmi		B	
2024	37	D	resmi		D	
2024	38	A	resmi		A	
2024	39	C	resmi		C	
2024	40	B	resmi		B	
2024	41	C	resmi		C	
2024	42	C	resmi		C	
2024	43	E	resmi		E	
2024	44	C	resmi		C	
2024	45	D	resmi		D	
2024	46	B	resmi		B	
2024	47	C	resmi		B	*
2024	48	B	resmi		B	
2024	49	D	resmi		D	
2024	50	D	resmi		D	
2024	51	B	resmi		B	
2024	52	C	resmi		C	
2024	53	E	resmi		E	
2024	54	B	resmi		B	
2024	55	E	resmi		E	
2024	56	B	resmi		B	
2024	57	A	resmi		A	
2024	58	C	resmi		C	
2024	59	C	resmi		C	
2024	60	B	resmi		B	
2024	61	B	resmi		B	
2024	62	E	resmi		E	
2024	63	E	resmi		E	
2024	64	A	resmi		A	
2024	65	C	resmi		C	
2024	66	B	resmi		B	
2024	67	E	resmi		E	
2024	68	A	resmi		A	
2024	69	B	resmi		B	
2024	70	C	resmi		C	
2024	71	A	resmi		A	
2024	72	B	resmi		B	
2024	73	B	resmi		B	
2024	74	E	resmi		E	
2024	75	B	resmi		B	
2024	76	E	resmi		E	
2024	77	C	resmi		C	
2024	78	D	resmi		D	
2024	79	C	resmi		C	
2024	80	B	resmi		B	
2024	81	E	resmi		E	
2024	82	B	resmi		B	
2024	83	B	resmi		B	
2024	84	E	resmi		E	
2024	85	B	resmi		D	*
2024	86	C	resmi		C	
2024	87	D	resmi		D	
2024	88	D	resmi		D	
2024	89	B	resmi		B	
2024	90	C	resmi		C	
2024	91	A	resmi		A	
2024	92	A	resmi		A	
2024	93	E	resmi		E	
2024	94	D	resmi		D	
2024	95	A	resmi		A	
2024	96	B	resmi		B	
2024	97	E	resmi		E	
2024	98	B	resmi		B	
2024	99	B	resmi		B	
2024	100	A	resmi		D	*
2025	1	C	turetilmis	yuksek		
2025	2	A	turetilmis	yuksek		
2025	3	D	turetilmis	yuksek		
2025	4	B	turetilmis	yuksek		
2025	5	E	turetilmis	yuksek		
2025	6	B	turetilmis	yuksek		
2025	7	E	turetilmis	yuksek		
2025	8	E	turetilmis	yuksek		
2025	9	D	turetilmis	yuksek		
2025	10	D	turetilmis	yuksek		
2025	11	C	turetilmis	yuksek		
2025	12	A	turetilmis	yuksek		
2025	13	C	turetilmis	yuksek		
2025	14	B	turetilmis	yuksek		
2025	15	E	turetilmis	yuksek		
2025	16	C	turetilmis	yuksek		
2025	17	B	turetilmis	yuksek		
2025	18	B	turetilmis	yuksek		
2025	19	C	turetilmis	yuksek		
2025	20	C	turetilmis	yuksek		
2025	21	D	turetilmis	yuksek		
2025	22	C	turetilmis	yuksek		
2025	23	C	turetilmis	yuksek		
2025	24	E	turetilmis	yuksek		
2025	25	C	turetilmis	yuksek		
2025	26	E	turetilmis	yuksek		
2025	27	B	turetilmis	yuksek		
2025	28	C	turetilmis	yuksek		
2025	29	D	turetilmis	yuksek		
2025	30	A	turetilmis	yuksek		
2025	31	B	turetilmis	yuksek		
2025	32	D	turetilmis	yuksek		
2025	33	E	turetilmis	yuksek		
2025	34	D	turetilmis	dusuk		
2025	35	E	turetilmis	yuksek		
2025	36	B	turetilmis	orta		
2025	37	E	turetilmis	yuksek		
2025	38	A	turetilmis	yuksek		
2025	39	C	turetilmis	orta		
2025	40	E	turetilmis	yuksek		
2025	41	D	turetilmis	orta		
2025	42	B	turetilmis	orta		
2025	43	D	turetilmis	yuksek		
2025	44	B	turetilmis	yuksek		
2025	45	E	turetilmis	yuksek		
2025	46	C	turetilmis	yuksek		
2025	47	E	turetilmis	yuksek		
2025	48	C	turetilmis	yuksek		
2025	49	B	turetilmis	yuksek		
2025	50	A	turetilmis	orta		
2025	51	E	turetilmis	orta		
2025	52	D	turetilmis	yuksek		
2025	53	A	turetilmis	orta		
2025	54	D	turetilmis	yuksek		
2025	55	D	turetilmis	yuksek		
2025	56	E	turetilmis	yuksek		
2025	57	B	turetilmis	yuksek		
2025	58	D	turetilmis	yuksek		
2025	59	D	turetilmis	orta		
2025	60	C	turetilmis	yuksek		
2025	61	C	turetilmis	yuksek		
2025	62	E	turetilmis	yuksek		
2025	63	B	turetilmis	yuksek		
2025	64	A	turetilmis	yuksek		
2025	65	D	turetilmis	yuksek		
2025	66	C	turetilmis	yuksek		
2025	67	A	turetilmis	yuksek		
2025	68	B	turetilmis	dusuk		
2025	69	D	turetilmis	yuksek		
2025	70	A	turetilmis	yuksek		
2025	71	E	turetilmis	yuksek		
2025	72	C	turetilmis	yuksek		
2025	73	C	turetilmis	yuksek		
2025	74	B	turetilmis	yuksek		
2025	75	E	turetilmis	yuksek		
2025	76	C	turetilmis	yuksek		
2025	77	D	turetilmis	yuksek		
2025	78	C	turetilmis	yuksek		
2025	79	D	turetilmis	yuksek		
2025	80	B	turetilmis	yuksek		
2025	81	D	turetilmis	yuksek		
2025	82	B	turetilmis	yuksek		
2025	83	B	turetilmis	yuksek		
2025	84	B	turetilmis	orta		
2025	85	A	turetilmis	yuksek		
2025	86	A	turetilmis	dusuk		
2025	87	E	turetilmis	yuksek		
2025	88	C	turetilmis	yuksek		
2025	89	B	turetilmis	yuksek		
2025	90	B	turetilmis	yuksek		
2025	91	B	turetilmis	yuksek		
2025	92	E	turetilmis	yuksek		
2025	93	A	turetilmis	orta		
2025	94	C	turetilmis	yuksek		
2025	95	D	turetilmis	yuksek		
2025	96	D	turetilmis	orta		
2025	97	C	turetilmis	yuksek		
2025	98	D	turetilmis	yuksek		
2025	99	D	turetilmis	yuksek		
2025	100	E	turetilmis	yuksek		
